	username	comment
19772	Manperapp	"""Acuse-os do que voc√™ faz, chame-os do que voc√™ √©"""
19188	Manperapp	"""Acuse-os do que voc√™ faz, chame-os do que voc√™ √©"""
290	Supermunch2000	#( Õ°¬∞ Õú ñ Õ°¬∞)
504	Supermunch2000	#( Õ°¬∞ Õú ñ Õ°¬∞)
614	Supermunch2000	#( Õ°¬∞ Õú ñ Õ°¬∞)
764	Supermunch2000	#( Õ°¬∞ Õú ñ Õ°¬∞)
923	Supermunch2000	#( Õ°¬∞ Õú ñ Õ°¬∞)
10544	Miteiro	#**TRAG√âDIA!**
19729	Manperapp	#EnglishDicks
900	Supermunch2000	#üôè
902	Supermunch2000	#üôè
691	Supermunch2000	#üôè‚Äçüôè‚Äçüôè‚Äçüôè‚Äçüôè‚Äçüôè‚Äçüôè‚Äçüôè‚Äç
2035	MaironGui3	'-'
1755	MaironGui3	'-'
1783	MaironGui3	'-'
1837	MaironGui3	'-'
1881	MaironGui3	'-'
1661	MaironGui3	'-'
1645	MaironGui3	'-'
17285	TheGza1	( Õ°¬∞ Õú ñ Õ°¬∞)
17222	TheGza1	( Õ°¬∞ Õú ñ Õ°¬∞)
17795	TheGza1	( Õ°¬∞ Õú ñ Õ°¬∞)
17200	TheGza1	( Õ°¬∞ Õú ñ Õ°¬∞)
17183	TheGza1	( Õ°¬∞ Õú ñ Õ°¬∞)
17692	TheGza1	( Õ°¬∞ Õú ñ Õ°¬∞)
17678	TheGza1	( Õ°¬∞ Õú ñ Õ°¬∞)
17920	TheGza1	( Õ°¬∞ Õú ñ Õ°¬∞)
17612	TheGza1	( Õ°¬∞ Õú ñ Õ°¬∞)
17119	TheGza1	( Õ°¬∞ Õú ñ Õ°¬∞)
17601	TheGza1	( Õ°¬∞ Õú ñ Õ°¬∞)
17351	TheGza1	( Õ°¬∞ Õú ñ Õ°¬∞)
17319	TheGza1	( Õ°¬∞ Õú ñ Õ°¬∞)
17917	TheGza1	( Õ°¬∞ Õú ñ Õ°¬∞)
17607	TheGza1	/fa√ßamesofrer
17507	TheGza1	/fa√ßamesofrer
17009	TheGza1	/fa√ßamesofrer
17340	TheGza1	/fa√ßamesofrer
17255	TheGza1	/fa√ßamesofrer
17314	TheGza1	/fa√ßamesofrer
17234	TheGza1	/fa√ßamesofrer
17181	TheGza1	/tecnicamenteaverdade
17188	TheGza1	/tecnicamenteaverdade
17703	TheGza1	/tecnicamenteaverdade
17834	TheGza1	/tecnicamenteaverdade
17734	TheGza1	/tecnicamenteaverdade
17656	TheGza1	/tecnicamenteaverdade
17440	TheGza1	/tecnicamenteaverdade
19818	Manperapp	12ft (sem paywall): https://12ft.io/proxy?q=https%3A%2F%2Fpolitica.estadao.com.br%2Fnoticias%2Feleicoes%2Ctse-e-whatsapp-terao-ferramenta-para-denunciar-disparos-em-massa-nas-eleicoes%2C70003962019
19925	Manperapp	12ft (sem paywall): https://12ft.io/proxy?q=https%3A%2F%2Fwww.ft.com%2Fcontent%2Fc1ab6cee-4f84-4a85-9c53-9f5f444359d4
19356	Manperapp	12ft (sem paywall): https://12ft.io/proxy?q=https%3A%2F%2Fwww1.folha.uol.com.br%2Fmercado%2F2022%2F03%2Fbrasil-dara-isencao-de-imposto-de-renda-para-investidor-estrangeiro-diz-guedes.shtml
22087	MaxVonHabsburg	22
22021	MaxVonHabsburg	22. Para impedir o retorno do Mensalao e petrolao. Fora financiamento de ditaduras socialistas e obras caloteadas. Num pais onde falta saneamento basico.
22022	MaxVonHabsburg	22. Para impedir o retorno do Mensalao e petrolao. Fora financiamento de ditaduras socialistas e obras caloteadas. Num pais onde falta saneamento basico.
10561	Miteiro	23h30 j√° tem Melo e Z√© Elias no Benja
17871	TheGza1	42
17780	TheGza1	42
1864	MaironGui3	:(
15262	BluePirate89	:(
4910	squiercg	:)
16702	Manada_2	:)
16676	Manada_2	:)
16949	Manada_2	:/
16669	Manada_2	:/
16448	Manada_2	:/
16398	Manada_2	:D
16359	Manada_2	;D
13183	piperman_	?
20449	BeatoSalut	?
20450	BeatoSalut	?
20611	BeatoSalut	?
19490	Manperapp	?
9168	ToguroSenpai	?
13686	piperman_	?
10578	Miteiro	?
8828	xanax101010	???
7408	AnnihilationOrchid	???
11249	9-Cortes	A destrui√ß√£o da liberdade de express√£o √© o primeiro passo para instala√ß√£o de uma DITADURA! N√£o se deixem fazer de ot√°rios!
22771	MaxVonHabsburg	A discuss√£o mudou kkk antes o foco era o racismo. Agora o foco √© saber se o pessoal era cremado em vez de abandonado na tundra siberiana kkk. Por favoe fale mais para eu printar e mostrar qye os socialistas passam pano pra genocidios menores que o leninistas. Por favor passa mais pano pro socialismo. Nunca lhe pedi nada...
6839	drfritz2	A justi√ßa estatal v√™ isso e fica assim zzZzzzzzZ
6795	drfritz2	A justi√ßa estatal v√™ isso e fica assim zzZzzzzzZ
6769	drfritz2	A justi√ßa estatal v√™ isso e fica assim zzZzzzzzZ
6669	drfritz2	A justi√ßa estatal v√™ isso e fica assim zzZzzzzzZ
6723	drfritz2	A justi√ßa estatal v√™ isso e fica assim zzZzzzzzZ
6751	drfritz2	A justi√ßa estatal v√™ isso e fica assim zzZzzzzzZ
6725	drfritz2	A justi√ßa estatal v√™ isso e fica assim zzZzzzzzZ
22656	MaxVonHabsburg	A quest√£o n√£o √© de direito. Mas ideologia.
6708	drfritz2	Agentes estatais prevaricadores e inimput√°veis
3895	drfritz2	Agora o pet√™ chin√™s foi longe demais
3952	drfritz2	Agora o pet√™ estadunidense foi longe demais
13622	piperman_	Aham
10098	Miteiro	"Ainda d√° tempo! Palpite gr√°tis neste jogo e receba 12 reais no Pix!

http://v.ht/palpite"
10072	Miteiro	Ainda d√° tempo! Palpite gr√°tis neste jogo e receba 12 reais no Pix! http://v.ht/palpite
11946	9-Cortes	"Alerta a todos do brasillivre:  


Cuidado com os comunistas infiltrados. 

N√£o to falando daqueles que se declaram comunistas mesmo, to falando dos outros que se declaram tudo menos comunistas que s√£o."
6829	Manperapp	Algu√©m tem alguma d√∫vida?
21517	uziel7	Am√©m.
19678	Manperapp	Am√©m.
19491	Manperapp	Am√©m.
21286	uziel7	Am√©m.
21504	uziel7	Aquele momento que voc√™ n√£o sabe se √© um produto real, uma zoeira de Internet ou s√≥ um crowndfounding scan tentando pegar uns trouxa.... Quer dizer pessoas que gostam de inova√ß√£o.
21505	uziel7	Aquele momento que voc√™ n√£o sabe se √© um produto real, uma zoeira de Internet ou s√≥ um crowndfounding scan tentando pegar uns trouxa.... Quer dizer pessoas que gostam de inova√ß√£o.
21010	uziel7	Aquele √≥dio do bem üòç pessoal do amor, ser√° que o Adelio era um caso isolado ou s√≥ um esquerdista com coragem?
19521	Manperapp	Ative as legendas em Portugu√™s no v√≠deo.
10660	Miteiro	Baixem agora com keepv.id yt5s.com ou y2mate.com, vai que apaguem
22944	MaxVonHabsburg	Baixou impostos em plena pandemia e lockdown.
1636	MaironGui3	Ban
1653	MaironGui3	Ban
1923	MaironGui3	Ban ?
16769	Manada_2	Banco central √© uma institui√ß√£o que consegue passar imbat√≠vel pelos debates de grande porte na sociedade. Invejo esse feito hahah
19030	Manperapp	Based
19069	Manperapp	Based
19014	Manperapp	Based
19256	Manperapp	Based
19559	Manperapp	Based
8919	xanax101010	Beautiful
22299	MaxVonHabsburg	Belo e moral.
21963	uziel7	Bem por a√≠.
18061	um--no	Boa
12160	AgnaldoTeExplode	Boa
12533	AgnaldoTeExplode	Boa
17086	TheGza1	Boa
22581	MaxVonHabsburg	Bolsonaro tem que ignorar mesmo kkk. T√° em shokk??? √â A NOVA ERA.
15982	BluePirate89	"Bored ape yatch club are nazis:

http://gordongoner.com/"
15983	BluePirate89	"Bored ape yatch club are nazis:

http://gordongoner.com/"
15942	BluePirate89	"Bored ape yatch club creators are nazis:

http://gordongoner.com/"
15966	BluePirate89	"Bored ape yatch club creators are nazis:

http://gordongoner.com/"
15941	BluePirate89	"Bored ape yatch club creators are nazis:

http://gordongoner.com/"
8432	xanax101010	Braavo
19123	Manperapp	Brabo
19191	Manperapp	Brabo
21904	uziel7	Brabo demais.
19136	Manperapp	Brigar pela redu√ß√£o da al√≠quota tribut√°ria de bens e servi√ßos? N√£o! Pressionar o governo para meter mais impostos no nosso rabo.
19137	Manperapp	Brigar pela redu√ß√£o da al√≠quota tribut√°ria de bens e servi√ßos? N√£o! Pressionar o governo para meter mais impostos no nosso rabo.
1402	MaironGui3	Bruh
22954	MaxVonHabsburg	Burgers?
1458	MaironGui3	CARALHO üò≥
20394	BeatoSalut	Cad√™?
10179	Miteiro	Catarina ‚ùå
19934	Manperapp	Chad
10931	Miteiro	Cheapest Amlogic Box with 4K HDR output from AliExpress, then use CoreELEC
10714	Miteiro	Cheapest Amlogic Box with 4K HDR output from AliExpress, then use CoreELEC
10505	Miteiro	Cheapest Amlogic Box with 4K HDR output from AliExpress, then use CoreELEC
12338	AgnaldoTeExplode	Claramente um bal√£o meteorol√≥gico.
10690	Miteiro	Classe desgra√ßada!
10785	Miteiro	Classe desgra√ßada!
10191	Miteiro	Classe desgra√ßada!
5341	Manperapp	"Clicksave: den√∫ncia no v√≠deo sobre uma taxa de juros jamais antes vista, ap√≥s um menino sacar R$ 100, emitida pelo banco.

Lembre-se que empr√©stimo √© ""sin√¥nimo"" de d√≠vida.

Caso queira saber mais detalhes, √© s√≥ clicar na imagem."
21516	uziel7	Cl√°ssico.
19719	Manperapp	Cl√°ssico.
18386	um--no	Com certeza.
4621	squiercg	"Com o monop√≥lio, acredito que o ifood vai poder impor taxa mais abusivas as lanchonetes, pagar menos aos entregadores, cobrar taxas maiores dos clientes e porra, meter o Bene em todas as partes do povo brasileiro.

Ifood n√£o √© do patrocinador da T√°bata Amaral? Ser√° que ela tem desconto?"
4623	squiercg	"Com o monop√≥lio, acredito que o ifood vai poder impor taxa mais abusivas as lanchonetes, pagar menos aos entregadores, cobrar taxas maiores dos clientes e porra, meter o Bene em todas as partes do povo brasileiro.

Ifood n√£o √© do patrocinador da T√°bata Amaral? Ser√° que ela tem desconto?"
4622	squiercg	"Com o monop√≥lio, acredito que o ifood vai poder impor taxa mais abusivas as lanchonetes, pagar menos aos entregadores, cobrar taxas maiores dos clientes e porra, meter o Bene em todas as partes do povo brasileiro.

Ifood n√£o √© do patrocinador da T√°bata Amaral? Ser√° que ela tem desconto?"
21106	uziel7	Concordo.
21252	uziel7	Concordo.
21401	uziel7	Concordo.
19808	Manperapp	Confessou?
15702	BluePirate89	Copium
19482	Manperapp	Curia pauperibus clausa est
9032	xanax101010	Cyberpunk 2077
9046	xanax101010	Cyberpunk 2077
8244	xanax101010	Cyberpunk 2077
10421	Miteiro	"DEMITIR ABEL ASSIM QUE ELE PERDER O MUNDIAL E CONTRATAR ALEX 10.

N√£o tem mais sustenta√ß√£o, ele √© anti-futebol, anti-talento. Dunga burro."
6863	Manperapp	De novo?
5170	Manperapp	Deveriam usar sempre.
6848	Manperapp	Deveriam usar sempre.
10932	Miteiro	Disable Adguard for every reddit apps
10996	Miteiro	Disable Adguard for every reddit apps
22420	MaxVonHabsburg	Di√°rio oficial da uni√£o.
5197	Manperapp	E
19429	Manperapp	E da√≠?
12478	AgnaldoTeExplode	E j√° pagou seu imposto direitinho, meu caro bovino?
21416	uziel7	E l√° vamos n√≥s...
6780	Manperapp	EUA est√£o planejando criar uma justificativa para atacar a R√∫ssia atrav√©s da Ucr√¢nia, fazendo com que a mesma contra-ataque e, logo em seguida, aplique san√ß√µes econ√¥micas contra o pa√≠s.
1354	MaironGui3	Eita caralho kkkkkkkkk
6695	drfritz2	Ele agora experimenta o veneno estatal que ele destilou
23298	logatwork	"Em tempo... Esse youtuber ingl√™s √© √≥timo e fez um video sobre ra√ßa e ""branquitude"": https://www.youtube.com/watch?v=o5zDo_TkSnA (tem legendas em portugu√™s auto-traduzidas)."
19981	Manperapp	Enquanto uns sancionam, outros fazem neg√≥cios.
19982	Manperapp	Enquanto uns sancionam, outros fazem neg√≥cios.
16820	Manada_2	Entendo
19885	Manperapp	Ent√£o t√°.
23420	logatwork	Errado n√£o t√°.
3304	drfritz2	"Errei? O principal eu acertei.  

S√≥ acerta quem n√£o tem medo de errar.  Quem n√£o mostra carta n√£o t√° no jogo, s√≥ est√° como observador"
19536	Manperapp	"Estas foram minhas publica√ß√µes removidas:

https://www.reddit.com/r/brasil/comments/swlef9/ucr√¢nia_bombardeia_donbass_com_artilharia_pesada/

https://www.reddit.com/r/brasil/comments/swlahd/donbass_decreta_mobiliza√ß√£o_explos√£o_atinge/"
19537	Manperapp	"Estas foram minhas publica√ß√µes removidas:

https://www.reddit.com/r/brasil/comments/swlef9/ucr√¢nia_bombardeia_donbass_com_artilharia_pesada/

https://www.reddit.com/r/brasil/comments/swlahd/donbass_decreta_mobiliza√ß√£o_explos√£o_atinge/"
19281	Manperapp	Est√£o deixando a gente sonhar.
19619	Manperapp	Est√£o deixando a gente sonhar.
19837	Manperapp	Est√£o implorando por uma guerra contra a R√∫ssia.
16755	Manada_2	Eu entendo
21502	uziel7	Eu gostava do conte√∫do dele tanto que em um primeiro momento fui pandeminion, at√© come√ßar a ver que os n√∫meros que ele usava para botar medo nas pessoas e coisas como falar que caix√µes se empilhar iam nas ruas nunca chegaram ent√£o persebi que s√≥ fui mais um trouxa enganado.
21500	uziel7	Eu gostava do conte√∫do dele tanto que em um primeiro momento fui pandeminion, at√© come√ßar a ver que os n√∫meros que ele usava para botar medo nas pessoas e coisas como falar que caix√µes se empilhar iam nas ruas nunca chegaram ent√£o persebi que s√≥ fui mais um trouxa enganado.
21501	uziel7	Eu gostava do conte√∫do dele tanto que em um primeiro momento fui pandeminion, at√© come√ßar a ver que os n√∫meros que ele usava para botar medo nas pessoas e coisas como falar que caix√µes se empilhar iam nas ruas nunca chegaram ent√£o persebi que s√≥ fui mais um trouxa enganado.
17908	TheGza1	Eu ri
17250	TheGza1	Eu ri
17380	TheGza1	Eu ri
17293	TheGza1	"Eu tamb√©m percebi isso, fui ontem pela primeira vez e foi cabuloso

porra mano fui pra smart fit ontem pra fazer peito e triceps ta ligado

ai la no canto tem uma area de crossfit puta area merda kkkkkkkkkkkk nem sei pq falei isso mas e dai

enfim, tava la fazendo um fly suavao ai do nada me entra um palha√ßo na academia

velho to falando de um palha√ßo mesmo, nao tipo o it ou tiririca que eh um meia foda de um palha√ßo

eh um palha√ßo mesmo mano, pique os de circo manja

suave tava no descanso do bi-set so fiquei de olho

mano o palha√ßo nao vai no rack dos peso e cata 3 anilha de 25 kilo e come√ßa a faze malabaris no bagulho

porra jao 25 kilo cada

a porra da academia travou pra ver aquele filho da puta brincando como se fosse com bolinha de tenis tiu

ai um dos instrutor, o mais merda ne tinha q ser

chego nele e falo ""o jao para com essa porra ai vai machuca alguem mano""

o palha√ßo olho pra ele sorrindo e ignoro

nao e q deu merda, o ronald mcdonald do caralho solto uma anilha bem no pe e ele come√ßa a chora q nem um bebe, no mesmo timbre

o instrutor entro em choque

ai o palha√ßo tira o sapato nr 55 dele e mostra que nao pegou, seguido de um HONK HONK com o nariz

mano esse bagulho foi foda

o instrutor saiu e foi procurar a gerente da academia q tava na recep√ßao dando o cu sei la fazendo o q

quando eles voltaram o palha√ßo ja tava fazendo dropset de agachamento com 160kg, negada tava pirando vendo aquele cuzao

na hora o palha√ßo viu eles e agacho com tudo

as cal√ßa dele rasgou e come√ßou a cair uma pa de jujuba e ele gargalhando

mano foi o pior dia da minha vida, amei"
9219	ToguroSenpai	Eu vi essa not√≠cia h√° algum tempo na m√≠dia chinesa e russa, a suposi√ß√£o que segue a maioria dos coment√°rios √© que foi intencional, j√° que a spacex quer o monop√≥lio das viagens espaciais comerciais tendo o concorrente chin√™s com pre√ßos mais baratos e eficientes seria uma pedra no sapato para a empresa em um futuro pr√≥ximo.
12830	AgnaldoTeExplode	"Eu: üòÇüëâüëâ

Os gados vachinados: ü§Øüíî

Olavo de Carvalho: üíÄüëâüëâ"
15770	BluePirate89	Exactly
15864	BluePirate89	Exatamente
20174	BeatoSalut	Exatamente
23841	logatwork	Exatamente.
21347	uziel7	Exatamente.
19195	Manperapp	Exatamente.
19016	Manperapp	Exatamente.
21471	uziel7	Exatamente.
21860	uziel7	Exatamente.
19431	Manperapp	Exatamente.
20991	uziel7	Exatamente.
21626	uziel7	Exatamente.
19282	Manperapp	Exatamente.
21911	uziel7	Exatamente.
23271	logatwork	Exatamente.
21752	uziel7	Exato.
23941	logatwork	Exato.
21640	uziel7	Exato.
17961	TheGza1	Excelente
19804	Manperapp	Existem mais F-35 no mar do que submarino no c√©u.
8188	xanax101010	F
12285	AgnaldoTeExplode	F
8077	xanax101010	F
9035	xanax101010	F
8434	xanax101010	F
8899	xanax101010	F
5406	Manperapp	F
8646	xanax101010	F
8602	xanax101010	F
8879	xanax101010	F
10875	Miteiro	FAZ BARULHO NA√á√ÉO!
10866	Miteiro	FAZ BARULHO NA√á√ÉO!
10882	Miteiro	FAZ BARULHO NA√á√ÉO!
10520	Miteiro	FAZ BARULHO NA√á√ÉO!
17727	TheGza1	FIGHT, FIGHT, FIGHT!!!
21609	uziel7	Fato.
21371	uziel7	Fato.
21793	uziel7	Fato.
21287	uziel7	Fato.
19951	Manperapp	Foda-se.
19500	Manperapp	Fonte: https://twitter.com/Mundo__News/status/1495931834609324038
19501	Manperapp	Fonte: https://twitter.com/Mundo__News/status/1495931834609324038
19497	Manperapp	Fonte: https://twitter.com/Mundo__News/status/1495941419093139456
19498	Manperapp	Fonte: https://twitter.com/Mundo__News/status/1495941419093139456
19476	Manperapp	Fonte: https://twitter.com/Mundo__News/status/1496686642547077120
5424	Manperapp	Fonte: https://www.locusonline.com.br/2018/04/02/as-aberracoes-relacionadas-carga-tributaria-brasileira/
5419	Manperapp	Fonte: https://www.locusonline.com.br/2018/04/02/as-aberracoes-relacionadas-carga-tributaria-brasileira/
5423	Manperapp	Fonte: https://www.locusonline.com.br/2018/04/02/as-aberracoes-relacionadas-carga-tributaria-brasileira/
23553	logatwork	Fonte?
1024	Supermunch2000	GNU Terry Pratchett
310	Supermunch2000	GROND
623	Supermunch2000	GROND
1040	Supermunch2000	GROND
1041	Supermunch2000	GROND
15742	BluePirate89	Gonna cry western boy?
21830	uziel7	Good bot.
17637	TheGza1	Grande dia!
17738	TheGza1	Grande dia! üëç
17665	TheGza1	Grande dia! üëç
17804	TheGza1	Grande dia! üëç
17788	TheGza1	Grande dia! üëç
17786	TheGza1	Grande dia! üëç
17737	TheGza1	Grande dia! üëç
17700	TheGza1	Grande dia! üëç
17669	TheGza1	Grande dia! üëç
17899	TheGza1	Grande dia! üëç
17664	TheGza1	Grande dia! üëç
17663	TheGza1	Grande dia! üëç
17807	TheGza1	Grande dia! üëç
17952	TheGza1	Grande dia! üëç
17608	TheGza1	Grande dia! üëç
17578	TheGza1	Grande dia! üëç
17545	TheGza1	Grande dia! üëç
17526	TheGza1	Grande dia! üëç
17509	TheGza1	Grande dia! üëç
17476	TheGza1	Grande dia! üëç
17958	TheGza1	Grande dia! üëç
17632	TheGza1	Grande dia! üëç
17884	TheGza1	Grande dia! üëç
17789	TheGza1	Grande dia!üëç
23628	logatwork	HAHAHA
10796	Miteiro	Habla espa√±ol bundudo
21351	uziel7	Hehehe.
23475	logatwork	Hello! Good luck!
15349	BluePirate89	Hi
1773	MaironGui3	Hmmm
4698	squiercg	Huahuahuahua.
4085	squiercg	Huahuahuahua.
21680	uziel7	Incr√≠vel.
2368	AlehCemy	Infelizmente n√£o.
23942	logatwork	Interessante.
23742	logatwork	Isso.
10750	Miteiro	JDownloader
10533	Miteiro	Jair Ventura que fala espanhol
22634	MaxVonHabsburg	Jornalismo de qualidade exige recursos.
19641	Manperapp	Justo.
19378	Manperapp	Justo.
21056	uziel7	J√° ouvi de um s√°bio no trabalho que s√≥ t√° errado quando encosta as bolinhas uma na outra.
5358	Manperapp	J√° ouviram falar?
12484	AgnaldoTeExplode	J√° tomou sua quarta dose direitinho, meu caro bovino?
12477	AgnaldoTeExplode	J√° tomou sua quarta dose direitinho, meu caro bovino?
10062	Miteiro	Kkkkkk
16609	Manada_2	Kkkkkk
2088	MaironGui3	Kkkkkkk
2007	MaironGui3	Kkkkkkk
21064	uziel7	Kkkkkkk
16955	Manada_2	Kkkkkkk
16863	Manada_2	Kkkkkkk
16144	Manada_2	Kkkkkkk
21607	uziel7	Kkkkkkk
16196	Manada_2	Kkkkkkk
16419	Manada_2	Kkkkkkk
16858	Manada_2	Kkkkkkkk
1883	MaironGui3	Kkkkkkkk
1662	MaironGui3	Kkkkkkkk
2060	MaironGui3	Kkkkkkkk
2072	MaironGui3	Kkkkkkkk
1736	MaironGui3	Kkkkkkkk
21482	uziel7	Kkkkkkkk
16814	Manada_2	Kkkkkkkk
2122	MaironGui3	Kkkkkkkkk
16177	Manada_2	Kkkkkkkkk
16185	Manada_2	Kkkkkkkkk
16193	Manada_2	Kkkkkkkkk
16189	Manada_2	Kkkkkkkkk
1917	MaironGui3	Kkkkkkkkk
13070	piperman_	Kkkkkkkkkk
1857	MaironGui3	Kkkkkkkkkkk
2015	MaironGui3	Kkkkkkkkkkk
2126	MaironGui3	Kkkkkkkkkkk
1503	MaironGui3	Kkkkkkkkkkkkk
19142	Manperapp	Kkkkkkkkkkkkkkkkkkkkkkkkkkkkkk
19685	Manperapp	Kkkkkkkkkkkkkkkkkkkkkkkkkkkkkk
19805	Manperapp	Kkkkkkkkkkkkkkkkkkkkkkkkkkkkkk
19926	Manperapp	Kkkkkkkkkkkkkkkkkkkkkkkkkkkkkkk
5240	Manperapp	Kkkkkkkkkkkkkkkkkkkkkkkkkkkkkkk.
10656	Miteiro	Kodi + r/Addons4Kodi
10611	Miteiro	Kodi + r/Addons4Kodi
10609	Miteiro	Kodi + r/Addons4Kodi
19750	Manperapp	Lament√°vel.
19056	Manperapp	Let's go, Brandon!
19032	Manperapp	Let's go, Brandon!
5440	Manperapp	Link do tweet: https://twitter.com/requiaooficial/status/1468024636189417478
5438	Manperapp	"Link dos tweets: https://twitter.com/moreira_uallace/status/1467816860737761285

https://twitter.com/moreira_uallace/status/1467816862939779072

https://twitter.com/ChetBrubaker/status/1467867216007811088"
12307	AgnaldoTeExplode	Literalmente guerra.
8904	xanax101010	Lmao
8902	xanax101010	Lmao
8972	xanax101010	Lmao
8643	xanax101010	Lmao
8542	xanax101010	Lmao
20284	BeatoSalut	Lmao
8937	xanax101010	Lmao
8799	xanax101010	Lmao
15377	BluePirate89	Lol
22449	MaxVonHabsburg	L√∫cido.
12558	AgnaldoTeExplode	Mais um cu rasgado pela not√≠cia que rasgava cu.
21350	uziel7	Make sense.
21970	uziel7	Make sense.
256	Supermunch2000	Mimimimimimimi
17403	TheGza1	Morei uma √©poca perto desse lugar de arquitetura incr√≠vel e finalmente achei um v√≠deo que mostrasse bem sua hist√≥ria e relev√¢ncia. Espero que curtam.
9737	ToguroSenpai	Mr Obomber
19141	Manperapp	Muito bom.
19698	Manperapp	Muito bom.
19335	Manperapp	Muito bom.
6864	Manperapp	Muito bom.
19384	Manperapp	Nada que n√£o fosse esperado.
19610	Manperapp	Nada que n√£o fosse esperado.
1551	MaironGui3	Nah
1886	MaironGui3	Nah
1902	MaironGui3	Nah
983	Supermunch2000	Nice
15180	BluePirate89	Nice
15270	BluePirate89	Nice
15463	BluePirate89	Nice
15596	BluePirate89	Nice
20748	BeatoSalut	Nice
15504	BluePirate89	No
20269	BeatoSalut	No
3255	drfritz2	No caso escravos a favor dos senhores de engenho que pensam em comprar liberdade, mas nunca ter√£o dinheiro para tal.
13905	piperman_	No country would dissolve a defensive pact just because some political institution that used to compose the other side broke apart. The mindset, the political schools, etc, they are all there.
19909	Manperapp	No shit, Sherlock!
13134	piperman_	Nobody yes door.
15793	BluePirate89	N√£o
13527	piperman_	N√£o tem, meu caro. Essa metodologia n√£o existe.
19845	Manperapp	N√£o √© mesmo!
19652	Manperapp	N√£o, n√£o vai.
13451	piperman_	N√£o.
5221	Manperapp	N√£o.
11285	9-Cortes	N√£o.
13397	piperman_	N√£o.
13515	piperman_	N√£o.
13305	piperman_	N√£o.
13243	piperman_	N√£o.
11399	9-Cortes	N√£o.
13648	piperman_	N√£o.
13552	piperman_	N√£o.
13242	piperman_	N√£o.
22762	MaxVonHabsburg	"O n√∫mero de benef√≠cios dado √†s fam√≠lias de presos por meio do aux√≠lio-reclus√£o caiu 50,8% desde o in√≠cio do governo Jair Bolsonaro. Antes, eram 46.750 pessoas recebendo a bolsa. Em dezembro, apenas 23.010 tinham acesso ao dinheiro.

Atualmente, essas s√£o as regras:
 CAR√äNCIA ‚Äì √© necess√°rio ter feito ao menos 24 contribui√ß√µes para fazer a solicita√ß√£o. Antes das mudan√ßas feita por Bolsonaro, era exigida apenas uma contribui√ß√£o ao INSS;

 PRESOS COM DIREITO ‚Äì apenas para familiares dos detentos do regime fechado, e n√£o mais do semiaberto;

 RENDA ‚Äì a comprova√ß√£o de baixa renda leva em conta a m√©dia dos 12 √∫ltimos sal√°rios do segurado, n√£o s√≥ a do √∫ltimo m√™s antes da pris√£o;

 AC√öMULO DE BENEF√çCIOS ‚Äì ficou proibido.

https://www.poder360.com.br/economia/sob-bolsonaro-auxilio-para-familias-de-presos-desaba-508/"
5324	Manperapp	"O relator da reforma do IRPF prop√¥s mudan√ßas no texto que transformam uma proposta que j√° era pouqu√≠ssimo progressiva em regressiva 

Calculamos que o efeito sobre o √≠ndice de Gini, que era quase nulo, passa a ser de eleva√ß√£o da desigualdade (1/3)

https://t.co/lZSbhTN1uC

A estrutura atual de IRPF reduz a desigualdade (Gini) em 2,51%

A reforma inicial enviada ao congresso aumentaria esse impacto para 2,71%

A √∫ltima mudan√ßa faria com que a redu√ß√£o fosse de 2,2%

Em uma proposta alternativa na NPE 15 chegamos a uma redu√ß√£o de 3,19% (2/3)

Caso queira retomar a Nota em que discutimos todas essas quest√µes, segue o link

https://madeusp.com.br/wp-content/uploads/2021/09/npe-015_11.pdf

(fim)

Fonte: https://twitter.com/made_usp/status/1471853579828871178"
13354	piperman_	O seu post foi removido devido a ser classificado como spam.
13355	piperman_	O seu post foi removido devido a ser classificado como spam.
13356	piperman_	O seu post foi removido devido a ser classificado como spam.
13357	piperman_	O seu post foi removido devido a ser classificado como spam.
13358	piperman_	O seu post foi removido devido a ser classificado como spam.
13359	piperman_	O seu post foi removido devido a ser classificado como spam.
1568	MaironGui3	O.o
23103	logatwork	Obrigado
17131	TheGza1	Obrigado
17280	TheGza1	Obrigado
23590	logatwork	Obrigado!
23196	logatwork	Obrigado!
23041	logatwork	Obrigado!
23478	logatwork	Obrigado!!
8474	xanax101010	Ok
19388	Manperapp	Ok
5483	Manperapp	PEC do Calote que se chama, √©?
1529	MaironGui3	Paia
6909	MaironGui3	Paia
10158	Miteiro	"Palpite gr√°tis neste jogo e receba 12 reais no Pix!

http://v.ht/palpite"
10161	Miteiro	Palpite gr√°tis neste jogo e receba 12 reais no Pix! http://v.ht/palpite
6822	Manperapp	Para quem se interessar: https://www.rand.org/pubs/research_reports/RR3063.html
6835	Manperapp	Para recordar: https://brasil.elpais.com/brasil/2017/04/27/internacional/1493296487_352960.html
5111	Manperapp	Para recordar: https://brasil.elpais.com/brasil/2017/04/27/internacional/1493296487_352960.html
17439	TheGza1	Parab√©ns pela conquista!
17922	TheGza1	Parab√©ns pela conquista!
19612	Manperapp	Parab√©ns, OP.
19768	Manperapp	Pensei o mesmo.
19707	Manperapp	Perfeito.
22994	logatwork	Perfeito.
11725	9-Cortes	Perfeito.
19472	Manperapp	Pois √©.
5045	Manperapp	Pois √©.
4896	squiercg	Pois √©.
4508	squiercg	Pois √©.
21037	uziel7	Pois √©.
11876	9-Cortes	Pois √©.
22608	MaxVonHabsburg	Por favor ddd 21 n√£o roube meu celular.
10528	Miteiro	Porque Deus quis
10187	Miteiro	Porque Deus quis
10881	Miteiro	Porque Deus quis
19883	Manperapp	Portugal? Safoda eles
1668	MaironGui3	Q
1700	MaironGui3	Q
1609	MaironGui3	Q
1631	MaironGui3	Q
22422	MaxVonHabsburg	Quando a peste negra se unir ao covid chin√™s teremos uma doen√ßa mameluca.
19905	Manperapp	Que horror.
6809	Manperapp	Quem dera...
6857	Manperapp	Quem garante que n√£o foi de prop√≥sito?
17533	TheGza1	R.I.P.
10601	Miteiro	Return to uTorrent 2.2.1
10854	Miteiro	Return to uTorrent 2.2.1
10953	Miteiro	Return to uTorrent 2.2.1
10730	Miteiro	Return to uTorrent 2.2.1
10617	Miteiro	"Ronaldo & Luxa bicho.

S√≥ falta Vampeta no Departamento Financeiro pra ""fingir que paga"""
9789	ToguroSenpai	SIM
12337	AgnaldoTeExplode	Salvatore Ganacci - Horse
23121	logatwork	Same for me.
22197	MaxVonHabsburg	Se ela pegou de algu√©m n√£o vacinada sinal que tem mais pessoas com poliomielite transmitindo.
10711	Miteiro	Se isso n√£o levar √† invas√£o do Congresso, ent√£o ser√° o fim. Onde j√° se viu 500 bandidos mudarem o sistema de um pa√≠s sem consulta popular.
19564	Manperapp	Sem d√∫vidas.
19389	Manperapp	Sempre foi.
16711	Manada_2	Sempre √†s ordens!
16660	Manada_2	Sempre √†s ordens!
16422	Manada_2	Sempre √†s ordens!
16907	Manada_2	Sempre √†s ordens!
19809	Manperapp	Sentiu.
5668	MidnightRider00	Seria o tipo de pessoa que, durante a crise did m√≠sseis, iria dizer que a culpa era dos sovi√©ticos
13855	piperman_	Seu post foi removido por encorajar, glorificar, ou incitar viol√™ncia contra um indiv√≠duo ou grupo de pessoas, ou por encorajar, glorificar, ou incitar o abuso de animais. Leia as regras.
13893	piperman_	Seu post foi removido por encorajar, glorificar, ou incitar viol√™ncia contra um indiv√≠duo ou grupo de pessoas, ou por encorajar, glorificar, ou incitar o abuso de animais. Leia as regras.
13901	piperman_	Seu post foi removido por encorajar, glorificar, ou incitar viol√™ncia contra um indiv√≠duo ou grupo de pessoas, ou por encorajar, glorificar, ou incitar o abuso de animais. Leia as regras.
13906	piperman_	Seu post foi removido por encorajar, glorificar, ou incitar viol√™ncia contra um indiv√≠duo ou grupo de pessoas, ou por encorajar, glorificar, ou incitar o abuso de animais. Leia as regras.
13900	piperman_	Seu post foi removido por encorajar, glorificar, ou incitar viol√™ncia contra um indiv√≠duo ou grupo de pessoas, ou por encorajar, glorificar, ou incitar o abuso de animais. Leia as regras.
13721	piperman_	Seu post foi removido por praticar targeted harassment contra usu√°rios. Favor ler as regras do site sobre targeted harassment.
13372	piperman_	Seu post foi removido por praticar targeted harassment contra usu√°rios. Favor ler as regras do site sobre targeted harassment.
13371	piperman_	Seu post foi removido por praticar targeted harassment contra usu√°rios. Favor ler as regras do site sobre targeted harassment.
13335	piperman_	Seu post foi removido por praticar targeted harassment contra usu√°rios. Favor ler as regras do site sobre targeted harassment.
13338	piperman_	Seu post foi removido por praticar targeted harassment contra usu√°rios. Favor ler as regras do site sobre targeted harassment.
13370	piperman_	Seu post foi removido por praticar targeted harassment contra usu√°rios. Favor ler as regras do site sobre targeted harassment.
13369	piperman_	Seu post foi removido por praticar targeted harassment contra usu√°rios. Favor ler as regras do site sobre targeted harassment.
13368	piperman_	Seu post foi removido por praticar targeted harassment contra usu√°rios. Favor ler as regras do site sobre targeted harassment.
13367	piperman_	Seu post foi removido por praticar targeted harassment contra usu√°rios. Favor ler as regras do site sobre targeted harassment.
13409	piperman_	Seu post foi removido por praticar targeted harassment contra usu√°rios. Favor ler as regras do site sobre targeted harassment.
13411	piperman_	Seu post foi removido por praticar targeted harassment contra usu√°rios. Favor ler as regras do site sobre targeted harassment.
13408	piperman_	Seu post foi removido por praticar targeted harassment contra usu√°rios. Favor ler as regras do site sobre targeted harassment.
13413	piperman_	Seu post foi removido por praticar targeted harassment contra usu√°rios. Favor ler as regras do site sobre targeted harassment.
13237	piperman_	Seu post foi removido por praticar targeted harassment contra usu√°rios. Favor ler as regras do site sobre targeted harassment.
13500	piperman_	Seu post foi removido por praticar targeted harassment contra usu√°rios. Favor ler as regras do site sobre targeted harassment.
13539	piperman_	Seu post foi removido por praticar targeted harassment contra usu√°rios. Favor ler as regras do site sobre targeted harassment.
13518	piperman_	Seu post foi removido por praticar targeted harassment contra usu√°rios. Favor ler as regras do site sobre targeted harassment.
13412	piperman_	Seu post foi removido por praticar targeted harassment contra usu√°rios. Favor ler as regras do site sobre targeted harassment.
13892	piperman_	Seu post foi removido. N√£o seja racista. Generaliza√ß√µes que menosprezam todo um povo, ra√ßa ou etnia n√£o s√£o permitidas. Leia as regras.
13137	piperman_	Seu post foi removido. N√£o seja racista. Generaliza√ß√µes que menosprezam todo um povo, ra√ßa ou etnia n√£o s√£o permitidas. Leia as regras.
13347	piperman_	Seu post foi removido. N√£o seja racista. Generaliza√ß√µes que menosprezam todo um povo, ra√ßa ou etnia n√£o s√£o permitidas. Leia as regras.
13344	piperman_	Seu post foi removido. N√£o seja racista. Generaliza√ß√µes que menosprezam todo um povo, ra√ßa ou etnia n√£o s√£o permitidas. Leia as regras.
13343	piperman_	Seu post foi removido. N√£o seja racista. Generaliza√ß√µes que menosprezam todo um povo, ra√ßa ou etnia n√£o s√£o permitidas. Leia as regras.
13342	piperman_	Seu post foi removido. N√£o seja racista. Generaliza√ß√µes que menosprezam todo um povo, ra√ßa ou etnia n√£o s√£o permitidas. Leia as regras.
13341	piperman_	Seu post foi removido. N√£o seja racista. Generaliza√ß√µes que menosprezam todo um povo, ra√ßa ou etnia n√£o s√£o permitidas. Leia as regras.
13339	piperman_	Seu post foi removido. N√£o seja racista. Generaliza√ß√µes que menosprezam todo um povo, ra√ßa ou etnia n√£o s√£o permitidas. Leia as regras.
13138	piperman_	Seu post foi removido. N√£o seja racista. Generaliza√ß√µes que menosprezam todo um povo, ra√ßa ou etnia n√£o s√£o permitidas. Leia as regras.
13337	piperman_	Seu post foi removido. N√£o seja racista. Generaliza√ß√µes que menosprezam todo um povo, ra√ßa ou etnia n√£o s√£o permitidas. Leia as regras.
13336	piperman_	Seu post foi removido. N√£o seja racista. Generaliza√ß√µes que menosprezam todo um povo, ra√ßa ou etnia n√£o s√£o permitidas. Leia as regras.
13139	piperman_	Seu post foi removido. N√£o seja racista. Generaliza√ß√µes que menosprezam todo um povo, ra√ßa ou etnia n√£o s√£o permitidas. Leia as regras.
13166	piperman_	Seu post foi removido. N√£o seja racista. Generaliza√ß√µes que menosprezam todo um povo, ra√ßa ou etnia n√£o s√£o permitidas. Leia as regras.
13167	piperman_	Seu post foi removido. N√£o seja racista. Generaliza√ß√µes que menosprezam todo um povo, ra√ßa ou etnia n√£o s√£o permitidas. Leia as regras.
13340	piperman_	Seu post foi removido. N√£o seja racista. Generaliza√ß√µes que menosprezam todo um povo, ra√ßa ou etnia n√£o s√£o permitidas. Leia as regras.
13510	piperman_	Seu post foi removido. N√£o seja racista. Generaliza√ß√µes que menosprezam todo um povo, ra√ßa ou etnia n√£o s√£o permitidas. Leia as regras.
15896	BluePirate89	Sim
20723	BeatoSalut	Sim
15392	BluePirate89	Sim
6882	squiercg	Sim
8385	xanax101010	Sim
12105	AgnaldoTeExplode	Sim
13159	piperman_	Sim
2449	AlehCemy	Sim.
21340	uziel7	Sim.
5173	Manperapp	Sim.
19413	Manperapp	Sim.
22712	MaxVonHabsburg	Sim.
13149	piperman_	Sim.
19857	Manperapp	Sim.
17450	TheGza1	Sim.
13647	piperman_	Sim.
2258	AlehCemy	Sim.
18697	um--no	Sim.
5012	Manperapp	Sim.
22517	MaxVonHabsburg	Sim.
22485	MaxVonHabsburg	Sim.
17210	TheGza1	Sim.
19553	Manperapp	Sim.
22306	MaxVonHabsburg	Sim.
22598	MaxVonHabsburg	Sim.
19892	Manperapp	"Sites para acompanhar a situa√ß√£o de R√∫ssia e Ucr√¢nia.

https://kp.ru

https://lenta.ru

https://novayagazeta.ru

https://strana.news

https://novorosinform.org

https://ria.ru https://tass.ru

https://russian.rt.com

https://iz.ru

https://vesti.ru

https://mk.ru

https://sputnik.ru

https://donbasstoday.ru

https://ukrinform.ru

Fonte 1: https://twitter.com/divaD1996/status/1484256563426742272

Fonte 2: https://twitter.com/divaD1996/status/1484259717996335113"
21491	uziel7	Sobre como agem os coronalovers? Sem d√∫vidas eu vi o fanatismo deles em pessoa e a mais pura adora√ß√£o ao dEus √Åtila Tamarindo no r ao lado, onde cada coisa que ele dizia era tratado como verdade absoluta √© quem discordava era um herege.
21490	uziel7	Sobre como agem os coronalovers? Sem d√∫vidas eu vi o fanatismo deles em pessoa e a mais pura adora√ß√£o ao dEus √Åtila Tamarindo no r ao lado, onde cada coisa que ele dizia era tratado como verdade absoluta √© quem discordava era um herege.
19903	Manperapp	Stonks
15937	BluePirate89	Suburbs are disgusting
13250	piperman_	Super apoio!
15792	BluePirate89	Sure buddy
12654	AgnaldoTeExplode	S√≥ n√£o v√™ quem n√£o quer.
23090	logatwork	TIL
22897	MaxVonHabsburg	Talco Gomes subiu na vida gra√ßas  ao estado burgu√™s  (UNEB) e ao empreendedorismo no mercado desregulado de informatico. Hoje mora em Nova Iorque reproduzindo discurso comunisteen. E n√£o se pode criticar?
10105	Miteiro	Talvez a Exchange preste, mas cobram comiss√£o, porque a Sportsbook da Betfair √© uma bosta
10244	Miteiro	"Telegram is about to be blocked in Brazil, please send this tip to all followers:

Join now http://t.me/ProxyMTProto and click Connect in case of block"
10245	Miteiro	"Telegram is about to be blocked in Brazil, please send this tip to all followers:

Join now http://t.me/ProxyMTProto and click Connect in case of block"
23484	logatwork	Tem link?
13282	piperman_	Tem link?
23416	logatwork	Tem raz√£o.
21757	uziel7	Tendi.
21067	uziel7	Tendi.
21074	uziel7	Tendi.
23755	logatwork	Thank you!
19327	Manperapp	Thank you.
15948	BluePirate89	Thanks
23758	logatwork	Thanks
17603	TheGza1	Thanks
23936	logatwork	Thanks!
23479	logatwork	Thanks!
23759	logatwork	Thanks!
23752	logatwork	Thanks!
23746	logatwork	Thanks!
23481	logatwork	Thanks!
23739	logatwork	Thanks!
23733	logatwork	Thanks!
23480	logatwork	Thanks!
23386	logatwork	Thanks!
20239	BeatoSalut	Thanks! Solution verified
20261	BeatoSalut	Thanks! Solution verified
20291	BeatoSalut	Thanks! Solution verified
20262	BeatoSalut	Thanks! Solution verified
20263	BeatoSalut	Thanks! Solution verified
18480	um--no	Thanks.
23923	logatwork	Thanks.
10982	Miteiro	The Crew, Rising Tides, The Endzone, Mad Titan Sports
19001	Manperapp	The PCO member
19618	Manperapp	This
19082	Manperapp	This
23326	logatwork	This
19071	Manperapp	This
21284	uziel7	This.
21475	uziel7	This.
15440	BluePirate89	Those GME Crypto bros are destroying the board
15439	BluePirate89	Those GME Crypto bros are destroying the board
15040	BluePirate89	Tinha que ser br pra achar corolla algo incr√≠vel
23173	logatwork	Total.
5471	Manperapp	"Transcri√ß√£o:

>Oi, sou Jessica Headley, da Fox San Antonio.

>E eu sou Ryan Wolf...

>Nossa maior responsabilidade √© servir ao nosso...

>Comunidades do Vale do Tesouro.

>Comunidades de El Paso/Las Cruces.

>Comunidades do Leste de Iowa.

>Comunidades de Michigan.

>Estamos extremamente orgulhosos da qualidade e do jornalismo equilibrado que a CBS4 News produz.

>Mas...

>Estamos preocupados com a tend√™ncia preocupante de not√≠cias irrespons√°veis e unilaterais que assolam nosso pa√≠s.

>Que assolam nosso pa√≠s.

>O compartilhamento de not√≠cias tendenciosas e falsas tornou-se muito comum nas m√≠dias sociais.

>Mais alarmante, alguns meios de comunica√ß√£o publicam essas mesmas hist√≥rias falsas... hist√≥rias que simplesmente n√£o s√£o verdadeiras, sem verificar os fatos primeiro.

>Infelizmente, alguns meios de comunica√ß√£o usam suas plataformas para difundir suas pr√≥prias agendas e vieses para controlar exatamente o que as pessoas pensam.

>Isso √© extremamente perigoso para nossa democracia."
5470	Manperapp	"Transcri√ß√£o:

>Oi, sou Jessica Headley, da Fox San Antonio.

>E eu sou Ryan Wolf...

>Nossa maior responsabilidade √© servir ao nosso...

>Comunidades do Vale do Tesouro.

>Comunidades de El Paso/Las Cruces.

>Comunidades do Leste de Iowa.

>Comunidades de Michigan.

>Estamos extremamente orgulhosos da qualidade e do jornalismo equilibrado que a CBS4 News produz.

>Mas...

>Estamos preocupados com a tend√™ncia preocupante de not√≠cias irrespons√°veis e unilaterais que assolam nosso pa√≠s.

>Que assolam nosso pa√≠s.

>O compartilhamento de not√≠cias tendenciosas e falsas tornou-se muito comum nas m√≠dias sociais.

>Mais alarmante, alguns meios de comunica√ß√£o publicam essas mesmas hist√≥rias falsas... hist√≥rias que simplesmente n√£o s√£o verdadeiras, sem verificar os fatos primeiro.

>Infelizmente, alguns meios de comunica√ß√£o usam suas plataformas para difundir suas pr√≥prias agendas e vieses para controlar exatamente o que as pessoas pensam.

>Isso √© extremamente perigoso para nossa democracia."
13677	piperman_	T√°.
13198	piperman_	T√°.
10077	Miteiro	T√£o deixando Unai Merda chegar em mata-mata
19420	Manperapp	"US INTERVENTIONS SINCE WWII

BOMB ATTACKS, SABOTAGE, ATTEMPTED REGIME CHANGE

CHINA, 1945-46 PERU, 1965 SYRIA, 1949 GREECE, 1967 KOREA, 1950-53 GUATEMALA, 1967-69 CHINA, 1950-53 CAMBODIA, 1969-70 IRAN, 1953 CHILE, 1970-73 GUATEMALA, 1954 ARGENTINA, 1976 TIBET, 1955-70s ANGOLA, 1976-92 INDONESIA, 1958 TURKEY, 1980 CUBA, 1959 POLAND, 1980-81 DEMOCRATIC EL SALVADOR, 1981-92 REPUBLIC OF NICARAGUA, 1981-90 CONGO, 1960-65 CAMBODIA, 1980-95 DOMINICAN LEBANON, 1982-84 REPUBLIC, 1961 GRENADA, 1983-84 VIETNAM, 1961-73 LIBYA, 1986 BRAZIL, 1964 IRAN, 1987-88 BRITISH GUIANA, 1964 LIBYA, 1989 REPUBLIC OF PHILIPPINES, 1989 CONGO, 1964 PANAMA, 1989-90 GUATEMALA, 1964 HAITI, 1991 LAOS, 1964-73 IRAQ, 1991 DOMINICAN KUWAIT, 1991 REPUBLIC, 1965-66 SOMALIA, 1992-94 INDONESIA, 1965 IRAQ, 1992-96 BOSNIA, 1995 IRAQ, 1998 SUDAN, 1998 AFGHANISTAN, 1998 YUGOSLAVIA, 1999 AFGHANISTAN, 2001 IRAQ, 2002-03 YEMEN, 2002-20 HAITI, 2004 SOMALIA, 2006-07 IRAN, 2005-PRESENT HONDURAS, 2009 LIBYA, 2011 SYRIA, 2011-PRESENT BRAZIL, 2016 BOLIVIA, 2019 VENEZUELA, 2019 GUYANA, 2020 IRAQ, 2020 SOMALIA, 2020 AFGHANISTAN, 2020"
19421	Manperapp	"US INTERVENTIONS SINCE WWII

BOMB ATTACKS, SABOTAGE, ATTEMPTED REGIME CHANGE

CHINA, 1945-46 PERU, 1965 SYRIA, 1949 GREECE, 1967 KOREA, 1950-53 GUATEMALA, 1967-69 CHINA, 1950-53 CAMBODIA, 1969-70 IRAN, 1953 CHILE, 1970-73 GUATEMALA, 1954 ARGENTINA, 1976 TIBET, 1955-70s ANGOLA, 1976-92 INDONESIA, 1958 TURKEY, 1980 CUBA, 1959 POLAND, 1980-81 DEMOCRATIC EL SALVADOR, 1981-92 REPUBLIC OF NICARAGUA, 1981-90 CONGO, 1960-65 CAMBODIA, 1980-95 DOMINICAN LEBANON, 1982-84 REPUBLIC, 1961 GRENADA, 1983-84 VIETNAM, 1961-73 LIBYA, 1986 BRAZIL, 1964 IRAN, 1987-88 BRITISH GUIANA, 1964 LIBYA, 1989 REPUBLIC OF PHILIPPINES, 1989 CONGO, 1964 PANAMA, 1989-90 GUATEMALA, 1964 HAITI, 1991 LAOS, 1964-73 IRAQ, 1991 DOMINICAN KUWAIT, 1991 REPUBLIC, 1965-66 SOMALIA, 1992-94 INDONESIA, 1965 IRAQ, 1992-96 BOSNIA, 1995 IRAQ, 1998 SUDAN, 1998 AFGHANISTAN, 1998 YUGOSLAVIA, 1999 AFGHANISTAN, 2001 IRAQ, 2002-03 YEMEN, 2002-20 HAITI, 2004 SOMALIA, 2006-07 IRAN, 2005-PRESENT HONDURAS, 2009 LIBYA, 2011 SYRIA, 2011-PRESENT BRAZIL, 2016 BOLIVIA, 2019 VENEZUELA, 2019 GUYANA, 2020 IRAQ, 2020 SOMALIA, 2020 AFGHANISTAN, 2020"
6828	Manperapp	"US ThinkTank land validates MI6/CIA plan in Kazakhstan. Exactly as I tweeted yesterday. ""The crisis could also be a factor in dissuading the Kremlin to back off its most escalatory scenarios in Ukraine."""
14826	CariocaSatanico	"Um pequeno resumo do tema para voc√™s:

Nesse podcast o Maur√≠cio entrevista um venezuelano graduado em ci√™ncia pol√≠tica chamado de Carlos Jos√© Leon, para fala sobre a ascens√£o do Hugo chaves e posterior ao Maduro.

Sendo que na entrevista eles vire e mexe v√£o trazer paralelos com a situa√ß√£o brasileira."
2089	MaironGui3	Uq
10715	Miteiro	Use CoreELEC
5494	Manperapp	Valeu, OP.
16979	Manada_2	Verdade
19850	Manperapp	Verdades dif√≠ceis de engolir.
13445	piperman_	Vidas Jecas Importam!
19948	Manperapp	Vivam os Monop√≥lios!
1896	MaironGui3	Vlw
1963	MaironGui3	Vlw
1612	MaironGui3	Vlw kkkk
5693	MidnightRider00	Voc√™ est√° importando o discurso norte americano. S√≥ ver como voc√™ apagou os ind√≠genas, ou ignorou o hist√≥rico social da pessoa na forma√ß√£o da identidade . Adotou o crit√©rio racista dos americanos, que √© tratar ra√ßa como pedigree de bicho.
10381	Miteiro	V√£o cancelar o Mundial e o Parmera n√£o vai ser campe√£o
23599	logatwork	WTF
1544	MaironGui3	Why
15309	BluePirate89	Why this thing is not ready yet there is even a truck pushing it
15383	BluePirate89	Why?
2085	MaironGui3	Why?
8692	xanax101010	Why?
21964	uziel7	Yep
15671	BluePirate89	Yep
21208	uziel7	Yep.
21769	uziel7	Yep.
13332	piperman_	Yes.
19969	Manperapp	Zero erros.
5467	Manperapp	[Elon Musk transforma a vida de seus funcion√°rios em um inferno](http://www.mundodigital.net.br/index.php/destaque/10923-elon-musk-transforma-a-vida-de-seus-funcionarios-em-um-inferno)
19444	Manperapp	[Fonte](https://twitter.com/ChineseEmbinRus/status/1497162051973783553)
5264	Manperapp	[Meet Dr. Tedros Adhanom, Bill Gates‚Äôs Indispensable Ally and the Who‚Äôs WHO of Forced Human Sterilizations](http://webcache.googleusercontent.com/search?q=cache:https://ghionjournal.com/meet-dr-tedros-adhanom-bill-gates-ally/)
5266	Manperapp	[Sinais de baixa gravidade da √îmicron s√£o ‚Äúum pouco animadores‚Äù, diz especialista](https://outline.com/ZL2d86)
19616	Manperapp	[U√©?](https://imgur.com/a/oFlUfNA)
9747	ToguroSenpai	[https://cepsongunbr.com/](https://cepsongunbr.com/)
11661	9-Cortes	\#VotoImpressoAuditavelJa
11663	9-Cortes	\#VotoImpressoAuditavelJa
11660	9-Cortes	\#VotoImpressoAuditavelJa
6713	drfritz2	as maravilhas do livre mercado
10597	Miteiro	doublenegative.io free-mp3-download.net rutracker.org 24flac.net
22157	MaxVonHabsburg	"ex-presidente disse ainda que s√≥ vai anunciar a sua candidatura quando tiver clareza do arco de apoios que ela conseguir√° reunir. ‚ÄúQuando eu decidir que vou ser candidato, a imprensa toda vai ser comunicada. Eu vou anunciar a chapa que a gente vai construir no Brasil, vou anunciar os partidos que v√£o estar conosco e a√≠ a elei√ß√£o vai come√ßar‚Äù, disse.

Segundo ele, a elei√ß√£o deste ano ser√°, sim, polarizada. ‚Äú√â preciso parar com essa bobagem de achar que a polariza√ß√£o √© ruim. Ela significa que as pessoas est√£o vivas, que elas t√™m lado, que defendem aquilo em que acreditam‚Äù, afirmou."
10942	Miteiro	free-mp3-download.net rutracker.org
10879	Miteiro	free-mp3-download.net rutracker.org
1098	Supermunch2000	good bot
9167	ToguroSenpai	https://cpim.org
9164	ToguroSenpai	https://cpim.org
19129	Manperapp	https://economia.ig.com.br/2022-03-23/hang-aliexpress-wish-proibir.html
13634	piperman_	https://expmx.com/2022/03/04/pfizer-docs-nine-pages-of-side-effects/pfizer-5-3-6-postmarketing-experience/
5080	Manperapp	https://imgur.com/a/anOOgDM
16199	Manada_2	https://makeagif.com/amp/onqsDR
19168	Manperapp	https://teletype.in/@dicastelegram/socks5-mtproto-proxy
19169	Manperapp	https://teletype.in/@dicastelegram/socks5-mtproto-proxy
16649	Manada_2	kkkkkk
16126	Manada_2	kkkkkk
16397	Manada_2	kkkkkk
16243	Manada_2	kkkkkk
16386	Manada_2	kkkkkkk
16401	Manada_2	kkkkkkkk
16792	Manada_2	kkkkkkkk
16760	Manada_2	kkkkkkkk
16725	Manada_2	kkkkkkkk ;D
16282	Manada_2	kkkkkkkkk
16742	Manada_2	kkkkkkkkk
16395	Manada_2	kkkkkkkkk
16298	Manada_2	kkkkkkkkkkk
16976	Manada_2	kkkkkkkkkkk
16124	Manada_2	kkkkkkkkkkk
16288	Manada_2	kkkkkkkkkkkk
16017	Manada_2	kkkkkkkkkkkk
16984	Manada_2	kkkkkkkkkkkkk
7986	AnnihilationOrchid	kkkkkkkkkkkkkk
16479	Manada_2	kkkkkkkkkkkkkkk
9635	ToguroSenpai	kkkkkkkkkkkkkkk
6902	MaironGui3	kkkkkkkkkkkkkkk
1396	MaironGui3	kkkkkkkkkkkkkkkk
15998	Manada_2	kkkkkkkkkkkkkkkkkk
6908	MaironGui3	kkkkkkkkkkkkkkkkkkkk
1265	MaironGui3	kkkkkkkkkkkkkkkkkkkkkk
9332	ToguroSenpai	kkkkkkkkkkkkkkkkkkkkkkk
10751	Miteiro	leechall.com alemdarleech.com
10598	Miteiro	leechall.com alemdarleech.com
15593	BluePirate89	obrigado
17651	TheGza1	obrigado
17717	TheGza1	obrigado
20769	BeatoSalut	onlyfans
11005	Miteiro	proxysite.com
1435	MaironGui3	q
1488	MaironGui3	q
8679	xanax101010	r/ATBGE
8163	xanax101010	r/ATBGE
10921	Miteiro	r/Addons4Kodi
11010	Miteiro	r/Addons4Kodi
2974	AlehCemy	r/ConselhosLegais
3078	AlehCemy	r/ConselhosLegais
2590	AlehCemy	r/ConselhosLegais
3143	AlehCemy	r/ConselhosLegais
2573	AlehCemy	r/ConselhosLegais
3086	AlehCemy	r/ConselhosLegais
2790	AlehCemy	r/ConselhosLegais
19910	Manperapp	r/Cringetopia
19205	Manperapp	r/WatchRedditDie
19150	Manperapp	r/WatchRedditDie
19667	Manperapp	r/antitrampo
9024	xanax101010	r/gatesopencomeonin
2026	MaironGui3	r/savevideo
2027	MaironGui3	r/savevideo
2019	MaironGui3	r/savevideo
20584	BeatoSalut	r/suddenlycaralho
10793	Miteiro	rutracker.org
10907	Miteiro	rutracker.org
10910	Miteiro	rutracker.org
10957	Miteiro	rutracker.org free-mp3-download.net
8888	xanax101010	true story
8824	xanax101010	true story demais
20819	BeatoSalut	u/monko74
20820	BeatoSalut	u/monko74
19613	Manperapp	u/savevideo
1427	MaironGui3	u/savevideo
1757	MaironGui3	u/savevideo
2079	MaironGui3	u/savevideo
19627	Manperapp	u/savevideo
1750	MaironGui3	u/savevideo
14702	CariocaSatanico	u/savevideo
1672	MaironGui3	u/savevideo
1748	MaironGui3	u/savevideo
1663	MaironGui3	u/savevideo
1432	MaironGui3	u/savevideo
1775	MaironGui3	u/savevideo
1770	MaironGui3	u/savevideo
1747	MaironGui3	u/savevideo
1781	MaironGui3	u/savevideo
1656	MaironGui3	u/savevideo
1782	MaironGui3	u/savevideo
1789	MaironGui3	u/savevideo
1795	MaironGui3	u/savevideo
1801	MaironGui3	u/savevideo
1804	MaironGui3	u/savevideo
1820	MaironGui3	u/savevideo
1821	MaironGui3	u/savevideo
1436	MaironGui3	u/savevideo
1437	MaironGui3	u/savevideo
1761	MaironGui3	u/savevideo
14062	CariocaSatanico	u/savevideo
1743	MaironGui3	u/savevideo
1438	MaironGui3	u/savevideo
1675	MaironGui3	u/savevideo
1677	MaironGui3	u/savevideo
1678	MaironGui3	u/savevideo
13026	piperman_	u/savevideo
13035	piperman_	u/savevideo
1372	MaironGui3	u/savevideo
1687	MaironGui3	u/savevideo
1385	MaironGui3	u/savevideo
1690	MaironGui3	u/savevideo
1691	MaironGui3	u/savevideo
13334	piperman_	u/savevideo
1391	MaironGui3	u/savevideo
1413	MaironGui3	u/savevideo
13609	piperman_	u/savevideo
1415	MaironGui3	u/savevideo
1707	MaironGui3	u/savevideo
1418	MaironGui3	u/savevideo
1742	MaironGui3	u/savevideo
19745	Manperapp	u/savevideo
1741	MaironGui3	u/savevideo
1738	MaironGui3	u/savevideo
1723	MaironGui3	u/savevideo
1722	MaironGui3	u/savevideo
14026	CariocaSatanico	u/savevideo
1717	MaironGui3	u/savevideo
1716	MaironGui3	u/savevideo
1710	MaironGui3	u/savevideo
13880	piperman_	u/savevideo
1424	MaironGui3	u/savevideo
1420	MaironGui3	u/savevideo
1419	MaironGui3	u/savevideo
1426	MaironGui3	u/savevideo
1446	MaironGui3	u/savevideo
1829	MaironGui3	u/savevideo
1831	MaironGui3	u/savevideo
1970	MaironGui3	u/savevideo
2134	MaironGui3	u/savevideo
2150	MaironGui3	u/savevideo
1954	MaironGui3	u/savevideo
2155	MaironGui3	u/savevideo
1638	MaironGui3	u/savevideo
1979	MaironGui3	u/savevideo
1628	MaironGui3	u/savevideo
1940	MaironGui3	u/savevideo
1927	MaironGui3	u/savevideo
1643	MaironGui3	u/savevideo
1646	MaironGui3	u/savevideo
1900	MaironGui3	u/savevideo
1898	MaironGui3	u/savevideo
1947	MaironGui3	u/savevideo
1613	MaironGui3	u/savevideo
1989	MaironGui3	u/savevideo
2004	MaironGui3	u/savevideo
2074	MaironGui3	u/savevideo
2067	MaironGui3	u/savevideo
2062	MaironGui3	u/savevideo
2054	MaironGui3	u/savevideo
2047	MaironGui3	u/savevideo
2037	MaironGui3	u/savevideo
2125	MaironGui3	u/savevideo
2034	MaironGui3	u/savevideo
2108	MaironGui3	u/savevideo
2020	MaironGui3	u/savevideo
1642	MaironGui3	u/savevideo
2014	MaironGui3	u/savevideo
2011	MaironGui3	u/savevideo
2009	MaironGui3	u/savevideo
2105	MaironGui3	u/savevideo
2094	MaironGui3	u/savevideo
1606	MaironGui3	u/savevideo
1655	MaironGui3	u/savevideo
1862	MaironGui3	u/savevideo
19280	Manperapp	u/savevideo
1850	MaironGui3	u/savevideo
1842	MaironGui3	u/savevideo
1565	MaironGui3	u/savevideo
1841	MaironGui3	u/savevideo
19239	Manperapp	u/savevideo
1833	MaironGui3	u/savevideo
1559	MaironGui3	u/savevideo
1539	MaironGui3	u/savevideo
4995	Manperapp	u/savevideo
1501	MaironGui3	u/savevideo
1494	MaironGui3	u/savevideo
1490	MaironGui3	u/savevideo
1561	MaironGui3	u/savevideo
1605	MaironGui3	u/savevideo
10825	Miteiro	u/savevideo
1570	MaironGui3	u/savevideo
1569	MaironGui3	u/savevideo
1875	MaironGui3	u/savevideo
1876	MaironGui3	u/savevideo
19189	Manperapp	u/savevideo
1601	MaironGui3	u/savevideo
1879	MaironGui3	u/savevideo
19178	Manperapp	u/savevideo
1648	MaironGui3	u/savevideo
1572	MaironGui3	u/savevideo
1578	MaironGui3	u/savevideo
1880	MaironGui3	u/savevideo
1583	MaironGui3	u/savevideo
1590	MaironGui3	u/savevideo
1889	MaironGui3	u/savevideo
10876	Miteiro	unblockit.kim piracyproxy.cc proxysite.com
15278	BluePirate89	yes
6840	drfritz2	√â tudo culpa do Boulos
3265	drfritz2	√â tudo culpa do pet√™
3431	drfritz2	√â tudo culpa do pet√™
3263	drfritz2	√â tudo culpa do pet√™
3262	drfritz2	√â tudo culpa do pet√™
3268	drfritz2	√â tudo culpa do pet√™
3257	drfritz2	√â tudo culpa do pet√™
3269	drfritz2	√â tudo culpa do pet√™
3270	drfritz2	√â tudo culpa do pet√™
3202	drfritz2	√â tudo culpa do pet√™
3172	drfritz2	√â tudo culpa do pet√™
3273	drfritz2	√â tudo culpa do pet√™
3165	drfritz2	√â tudo culpa do pet√™
3322	drfritz2	√â tudo culpa do pet√™
3323	drfritz2	√â tudo culpa do pet√™
3395	drfritz2	√â tudo culpa do pet√™
3266	drfritz2	√â tudo culpa do pet√™
3456	drfritz2	√â tudo culpa do pet√™
3267	drfritz2	√â tudo culpa do pet√™
3518	drfritz2	√â tudo culpa do pet√™
3653	drfritz2	√â tudo culpa do pet√™
6682	drfritz2	√â tudo culpa do pet√™
7065	drfritz2	√â tudo culpa do pet√™
3896	drfritz2	√â tudo culpa do pet√™ chin√™s
3424	drfritz2	√â tudo culpa do pet√™?
3897	drfritz2	√â tudo culpa do pet√™?
3182	drfritz2	√â tudo culpa do pet√™?
19054	Manperapp	√çdem.
17702	TheGza1	‡≤†_‡≤†
12949	AgnaldoTeExplode	üêÆ - ‚Äúa ci√™ncia muda, se atualiza‚Äù
12849	AgnaldoTeExplode	üëÄ
12899	AgnaldoTeExplode	üëÄ
12284	AgnaldoTeExplode	üëÄ
12944	AgnaldoTeExplode	üëÄ
12653	AgnaldoTeExplode	üëÄ
19079	Manperapp	üëÄ
12381	AgnaldoTeExplode	üëÄ
5113	Manperapp	üëç
9157	ToguroSenpai	üëç
9158	ToguroSenpai	üëç
19976	Manperapp	üëç
19956	Manperapp	üëç
5149	Manperapp	üëç
19507	Manperapp	üëç
19445	Manperapp	üëç
12234	AgnaldoTeExplode	üëç
19401	Manperapp	üëç
19339	Manperapp	üëç
9260	ToguroSenpai	üëç
19518	Manperapp	üëç
19649	Manperapp	üëç
19235	Manperapp	üëç
19674	Manperapp	üëç
9264	ToguroSenpai	üëç
13636	piperman_	üëçüèª
13739	piperman_	üëçüèª
13548	piperman_	üëçüèª
13521	piperman_	üëçüèª
13465	piperman_	üëçüèª
13327	piperman_	üëçüèª
13223	piperman_	üëçüèª
13039	piperman_	üëçüèª
13816	piperman_	üëçüèª
13848	piperman_	üëçüèª
13871	piperman_	üëçüèª
13974	piperman_	üëçüèª
13618	piperman_	üëçüèª
13770	piperman_	üëçüèª
21514	uziel7	üëçüèΩ
12404	AgnaldoTeExplode	üòÇ
12551	AgnaldoTeExplode	üòÇ
12403	AgnaldoTeExplode	üòÇ
12559	AgnaldoTeExplode	üòÇ
12564	AgnaldoTeExplode	üòÇ
12577	AgnaldoTeExplode	üòÇ
12581	AgnaldoTeExplode	üòÇ
12200	AgnaldoTeExplode	üòÇ
12547	AgnaldoTeExplode	üòÇ
12598	AgnaldoTeExplode	üòÇ
12969	AgnaldoTeExplode	üòÇ
12941	AgnaldoTeExplode	üòÇ
12834	AgnaldoTeExplode	üòÇ
12832	AgnaldoTeExplode	üòÇ
12607	AgnaldoTeExplode	üòÇ
12790	AgnaldoTeExplode	üòÇ
12753	AgnaldoTeExplode	üòÇ
12722	AgnaldoTeExplode	üòÇ
12984	AgnaldoTeExplode	üòÇ
12608	AgnaldoTeExplode	üòÇ
12554	AgnaldoTeExplode	üòÇ
12514	AgnaldoTeExplode	üòÇ
12407	AgnaldoTeExplode	üòÇ
12410	AgnaldoTeExplode	üòÇ
12422	AgnaldoTeExplode	üòÇ
12433	AgnaldoTeExplode	üòÇ
12444	AgnaldoTeExplode	üòÇ
12372	AgnaldoTeExplode	üòÇ
12193	AgnaldoTeExplode	üòÇ
12364	AgnaldoTeExplode	üòÇ
12212	AgnaldoTeExplode	üòÇ
12186	AgnaldoTeExplode	üòÇ
12520	AgnaldoTeExplode	üòÇ
12308	AgnaldoTeExplode	üòÇ
12527	AgnaldoTeExplode	üòÇ
12557	AgnaldoTeExplode	üòÇ boa
12578	AgnaldoTeExplode	üòÇ boa
12579	AgnaldoTeExplode	üòÇ boa
12408	AgnaldoTeExplode	üòÇ boa
12419	AgnaldoTeExplode	üòÇ boa
12548	AgnaldoTeExplode	üòÇ boa
13280	piperman_	üòÇüòÇüòÇüòÇ
13393	piperman_	üòÇüòÇüòÇüòÇ
21872	uziel7	üòç
14029	CariocaSatanico	üòç
18348	um--no	üòò
1674	MaironGui3	üò≥
1624	MaironGui3	üò≥
1824	MaironGui3	üò≥
1587	MaironGui3	üò≥
15913	BluePirate89	üôè
19911	Manperapp	ü§î
21272	uziel7	ü§úü§õüèΩ
1640	MaironGui3	ü§ù
19223	Manperapp	ü§£
19875	Manperapp	ü§£
12929	AgnaldoTeExplode	ü§Ø
